Item,Value
ConversionFactor,1248.5714285714287
YieldAcre,4284.838571428571
PoundsAcre,18290.95238095238
N,1.9904761904761903
P,0.34952380952380946
K,1.1800000000000002
Ca,0.4149999999999999
Mg,0.21904761904761902
S,0.19466666666666665
Cu,0.0010666666666666667
Mn,0.006575000000000001
Zn,0.0026142857142857144
