Item,Value
ConversionFactor,2000.0
YieldAcre,2.6666666666666665
PoundsAcre,5333.333333333333
N,1.6066666666666667
P,0.19666666666666668
K,2.15
Ca,0.68
Mg,0.25
S,0.175
Cu,0.0008
Mn,0.0055
Zn,0.0053
