Item,Value
ConversionFactor,1024.5
YieldAcre,25.75
PoundsAcre,2630.0
N,1.31
P,0.2525
K,0.8125
Ca,0.17
Mg,0.13999999999999999
S,0.20125
Cu,0.0046125
Mn,0.006525
Zn,0.0032999999999999995
