Item,Value
ConversionFactor,1875.0625
YieldAcre,1104.0625
PoundsAcre,21718.75
N,0.7443750000000002
P,0.13812500000000003
K,0.5050000000000001
Ca,0.07100000000000001
Mg,0.0842857142857143
S,0.096
Cu,0.000275
Mn,0.0011749999999999998
Zn,0.00104
